<?xml version="1.0" encoding="UTF-8"?>
<?xml-stylesheet type="text/xsl" href="employees.xsl"?>
<employees>
  <employee>
    <name>Atharv Babar</name>
    <empID>101</empID>
    <position>Developer</position>
    <department>Software</department>
  </employee>
  <employee>
    <name>Piyush Ghatage</name>
    <empID>102</empID>
    <position>Cloud Engineer</position>
    <department>Cloud</department>
  </employee>
  <employee>
    <name>Kunal Patil</name>
    <empID>103</empID>
    <position>AI & ML Engineer</position>
    <department>Research</department>
  </employee>
  <employee>
    <name>Varad Thorwat</name>
    <empID>104</empID>
    <position>Cybersecurity Specialist</position>
    <department>Security</department>
  </employee>
  <employee>
    <name>Alfaj Mahabri</name>
    <empID>105</empID>
    <position>UI/UX Designer</position>
    <department>Design</department>
  </employee>
  <employee>
    <name>Sajid Sayad</name>
    <empID>106</empID>
    <position>Data Scientist</position>
    <department>Data Analytics</department>
  </employee>
  <employee>
    <name>Saurabh Lohar</name>
    <empID>107</empID>
    <position>Software Tester</position>
    <department>Quality Assurance</department>
  </employee>
</employees>
